vintage_quarter,loans,principal_disbursed,avg_loan_size,share_matured,principal_loss_rate,settled_on_time_rate,share_first_loans
2020-Q1,510,94715.0,186.0,1.0,0.1189,0.735,0.557
2020-Q2,349,101510.0,291.0,1.0,0.0513,0.851,0.0
2020-Q3,15848,3188470.0,201.0,1.0,0.1466,0.683,0.63
2020-Q4,13177,3930345.0,298.0,1.0,0.0711,0.759,0.0
2021-Q1,8042,3330800.0,414.0,1.0,0.0348,0.815,0.0
2021-Q2,6606,3699785.0,560.0,1.0,0.0298,0.843,0.0
2021-Q3,5427,3830050.0,706.0,1.0,0.0283,0.845,0.0
2021-Q4,4665,4159955.0,892.0,1.0,0.027,0.854,0.0
2022-Q1,3885,3720045.0,958.0,1.0,0.0217,0.858,0.0
2022-Q2,3728,4059935.0,1089.0,1.0,0.0239,0.868,0.0
2022-Q3,3156,4816370.0,1526.0,1.0,0.0259,0.865,0.0
2022-Q4,2767,5011206.0,1811.0,0.97,0.0218,0.866,0.0
2023-Q1,2566,5043922.0,1966.0,0.865,0.0721,0.875,0.0
2023-Q2,752,1465383.0,1949.0,0.436,0.2652,0.808,0.0
