vintage_quarter,months_on_book,cumulative_collected_pct_of_principal
2020-Q1,0,0.2336
2020-Q1,1,1.003
2020-Q1,2,1.0571
2020-Q1,3,1.0696
2020-Q1,4,1.073
2020-Q1,5,1.073
2020-Q1,6,1.073
2020-Q1,7,1.073
2020-Q1,8,1.073
2020-Q1,9,1.073
2020-Q1,10,1.073
2020-Q1,11,1.073
2020-Q1,12,1.073
2020-Q2,0,0.1774
2020-Q2,1,1.0399
2020-Q2,2,1.1124
2020-Q2,3,1.1149
2020-Q2,4,1.1152
2020-Q2,5,1.1152
2020-Q2,6,1.1152
2020-Q2,7,1.1152
2020-Q2,8,1.1152
2020-Q2,9,1.1152
2020-Q2,10,1.1152
2020-Q2,11,1.1152
2020-Q2,12,1.1152
2020-Q3,0,0.2035
2020-Q3,1,0.9572
2020-Q3,2,1.024
2020-Q3,3,1.0328
2020-Q3,4,1.0334
2020-Q3,5,1.0335
2020-Q3,6,1.0338
2020-Q3,7,1.0338
2020-Q3,8,1.0338
2020-Q3,9,1.0338
2020-Q3,10,1.0338
2020-Q3,11,1.0338
2020-Q3,12,1.0338
2020-Q4,0,0.1868
2020-Q4,1,0.9956
2020-Q4,2,1.0809
2020-Q4,3,1.0918
2020-Q4,4,1.0925
2020-Q4,5,1.0927
2020-Q4,6,1.0927
2020-Q4,7,1.0927
2020-Q4,8,1.0927
2020-Q4,9,1.0928
2020-Q4,10,1.0928
2020-Q4,11,1.0928
2020-Q4,12,1.0928
2021-Q1,0,0.155
2021-Q1,1,0.9801
2021-Q1,2,1.0982
2021-Q1,3,1.1075
2021-Q1,4,1.1083
2021-Q1,5,1.1084
2021-Q1,6,1.1086
2021-Q1,7,1.1086
2021-Q1,8,1.1086
2021-Q1,9,1.1086
2021-Q1,10,1.1086
2021-Q1,11,1.1086
2021-Q1,12,1.1086
2021-Q2,0,0.1518
2021-Q2,1,0.9783
2021-Q2,2,1.0743
2021-Q2,3,1.0872
2021-Q2,4,1.0884
2021-Q2,5,1.0891
2021-Q2,6,1.0892
2021-Q2,7,1.0892
2021-Q2,8,1.0893
2021-Q2,9,1.0893
2021-Q2,10,1.0893
2021-Q2,11,1.0893
2021-Q2,12,1.0893
2021-Q3,0,0.1428
2021-Q3,1,0.9407
2021-Q3,2,1.0534
2021-Q3,3,1.079
2021-Q3,4,1.0811
2021-Q3,5,1.0814
2021-Q3,6,1.0815
2021-Q3,7,1.0815
2021-Q3,8,1.0815
2021-Q3,9,1.0815
2021-Q3,10,1.0815
2021-Q3,11,1.0815
2021-Q3,12,1.0815
2021-Q4,0,0.152
2021-Q4,1,0.9148
2021-Q4,2,1.0367
2021-Q4,3,1.0705
2021-Q4,4,1.0756
2021-Q4,5,1.0771
2021-Q4,6,1.0784
2021-Q4,7,1.0786
2021-Q4,8,1.079
2021-Q4,9,1.0791
2021-Q4,10,1.0791
2021-Q4,11,1.0791
2021-Q4,12,1.0791
2022-Q1,0,0.1205
2022-Q1,1,0.8697
2022-Q1,2,1.0341
2022-Q1,3,1.0721
2022-Q1,4,1.0792
2022-Q1,5,1.0821
2022-Q1,6,1.0832
2022-Q1,7,1.0837
2022-Q1,8,1.0838
2022-Q1,9,1.0838
2022-Q1,10,1.0838
2022-Q1,11,1.0838
2022-Q1,12,1.0838
2022-Q2,0,0.1335
2022-Q2,1,0.8816
2022-Q2,2,1.0248
2022-Q2,3,1.0687
2022-Q2,4,1.0788
2022-Q2,5,1.083
2022-Q2,6,1.0842
2022-Q2,7,1.0842
2022-Q2,8,1.0842
2022-Q2,9,1.0842
2022-Q2,10,1.0842
2022-Q2,11,1.0842
2022-Q2,12,1.0842
2022-Q3,0,0.1247
2022-Q3,1,0.8687
2022-Q3,2,1.005
2022-Q3,3,1.0594
2022-Q3,4,1.0732
2022-Q3,5,1.0803
2022-Q3,6,1.083
2022-Q3,7,1.0831
2022-Q3,8,1.0832
2022-Q3,9,1.0832
2022-Q3,10,1.0832
2022-Q3,11,1.0832
2022-Q3,12,1.0832
2022-Q4,0,0.1147
2022-Q4,1,0.821
2022-Q4,2,0.985
2022-Q4,3,1.0473
2022-Q4,4,1.0712
2022-Q4,5,1.0803
2022-Q4,6,1.0831
2022-Q4,7,1.0832
2022-Q4,8,1.0832
2022-Q4,9,1.0832
2022-Q4,10,1.0832
2022-Q4,11,1.0832
2022-Q4,12,1.0832
2023-Q1,0,0.1274
2023-Q1,1,0.7871
2023-Q1,2,0.9346
2023-Q1,3,0.9632
2023-Q1,4,0.9692
2023-Q1,5,0.9701
2023-Q1,6,0.9702
2023-Q1,7,0.9702
2023-Q1,8,0.9702
2023-Q1,9,0.9702
2023-Q1,10,0.9702
2023-Q1,11,0.9702
2023-Q1,12,0.9702
2023-Q2,0,0.1465
2023-Q2,1,0.7675
2023-Q2,2,0.778
2023-Q2,3,0.7788
2023-Q2,4,0.7788
2023-Q2,5,0.7788
2023-Q2,6,0.7788
2023-Q2,7,0.7788
2023-Q2,8,0.7788
2023-Q2,9,0.7788
2023-Q2,10,0.7788
2023-Q2,11,0.7788
2023-Q2,12,0.7788
