month,loans,principal_disbursed,mom_change,rolling_3m_avg_disbursed
2020-02,319,51910.0,,51910.0
2020-03,191,42805.0,-9105.0,47358.0
2020-04,122,28015.0,-14790.0,40910.0
2020-05,121,38320.0,10305.0,36380.0
2020-06,106,35175.0,-3145.0,33837.0
2020-07,4778,846800.0,811625.0,306765.0
2020-08,2678,625370.0,-221430.0,502448.0
2020-09,8392,1716300.0,1090930.0,1062823.0
2020-10,5284,1348625.0,-367675.0,1230098.0
2020-11,4091,1260540.0,-88085.0,1441822.0
2020-12,3802,1321180.0,60640.0,1310115.0
2021-01,2951,1110850.0,-210330.0,1230857.0
2021-02,2379,969365.0,-141485.0,1133798.0
2021-03,2712,1250585.0,281220.0,1110267.0
2021-04,2327,1196615.0,-53970.0,1138855.0
2021-05,2217,1290745.0,94130.0,1245982.0
2021-06,2062,1212425.0,-78320.0,1233262.0
2021-07,1984,1273465.0,61040.0,1258878.0
2021-08,1839,1306030.0,32565.0,1263973.0
2021-09,1604,1250555.0,-55475.0,1276683.0
2021-10,1624,1412325.0,161770.0,1322970.0
2021-11,1444,1272455.0,-139870.0,1311778.0
2021-12,1597,1475175.0,202720.0,1386652.0
2022-01,1351,1273580.0,-201595.0,1340403.0
2022-02,1150,1109600.0,-163980.0,1286118.0
2022-03,1384,1336865.0,227265.0,1240015.0
2022-04,1297,1303590.0,-33275.0,1250018.0
2022-05,1203,1289650.0,-13940.0,1310035.0
2022-06,1228,1466695.0,177045.0,1353312.0
2022-07,1136,1605755.0,139060.0,1454033.0
2022-08,1076,1651055.0,45300.0,1574502.0
2022-09,944,1559560.0,-91495.0,1605457.0
2022-10,982,1747955.0,188395.0,1652857.0
2022-11,890,1606595.0,-141360.0,1638037.0
2022-12,895,1656656.0,50061.0,1670402.0
2023-01,818,1557028.0,-99628.0,1606760.0
2023-02,785,1560244.0,3216.0,1591309.0
2023-03,963,1926650.0,366406.0,1681307.0
2023-04,741,1445983.0,-480667.0,1644292.0
2023-05,11,19400.0,-1426583.0,1130678.0
